{"In the Name of the Father": {"year": 1993, "rating": 8.11231}, "Titanic": {"year": 1997, "rating": 3.21232131}, "The Shawshank Redemption": {"year": 1994, "rating": 9.3453453}, "The Godfather": {"year": 1972, "rating": 9.242424}, "The Dark Knight": {"year": 2008, "rating": 9.0234234234}, "Schindler's List": {"year": 1993, "rating": 8.9423565}, "Forrest Gump": {"year": 1994, "rating": 8.852323423}, "Pulp Fiction": {"year": 1994, "rating": 8.954543543}, "The Matrix": {"year": 1999, "rating": 1.0423423423}, "Fight Club": {"year": 1999, "rating": 8.8635345}}